{
    "@context": [
        "https://www.w3.org/ns/activitystreams",
        "https://w3id.org/security/v1",
        {
            "manuallyApprovesFollowers": "as:manuallyApprovesFollowers",
            "toot": "http://joinmastodon.org/ns#",
            "featured": {
                "@id": "toot:featured",
                "@type": "@id"
            },
            "featuredTags": {
                "@id": "toot:featuredTags",
                "@type": "@id"
            },
            "alsoKnownAs": {
                "@id": "as:alsoKnownAs",
                "@type": "@id"
            },
            "movedTo": {
                "@id": "as:movedTo",
                "@type": "@id"
            },
            "schema": "http://schema.org#",
            "PropertyValue": "schema:PropertyValue",
            "value": "schema:value",
            "discoverable": "toot:discoverable",
            "suspended": "toot:suspended",
            "memorial": "toot:memorial",
            "indexable": "toot:indexable",
            "attributionDomains": {
                "@id": "toot:attributionDomains",
                "@type": "@id"
            }
        }
    ],
    "type": "Person",
    "manuallyApprovesFollowers": false,
    "discoverable": false,
    "indexable": false,
    "memorial": false,
    "tag": [],
    "endpoints": {}
}